INSERT INTO reservoirs(id, city, name, reservoir_type, descriptions, create_date, latitude, longitude, url_image,
                       country_id, user_id)
VALUES (1, 'Севлиево', 'Кастел', 'ЧАСТЕН', 'descriptions: Кастел, Севлиево', '2024-03-28T23:15:00.000000', 312, 123,
        'https://imgrabo.com/pics/guide/20210930163629_15489.jpeg',
        1, 1),
       (2, 'Севлиево', 'Кулеков лейк', 'ЧАСТЕН', 'descriptions: Кулеков лейк, Севлиево', '2024-03-28T23:15:00.000000',
        312,
        123,
        'https://yanimar-carp.com/image/catalog/Kulekov%20Lake%20/Kulekov%20Lake%202.jpg',
        1, 1),
       (3, 'Нова Загора', 'Кара Дере', 'ЧАСТЕН', 'descriptions: Кара Дере, Нова Загора', '2024-03-28T23:15:00.000000',
        312,
        123,
        'https://carpmojo.com/image/catalog/3_bglakes/IMG_9048.JPG',
        1, 1),
       (4, 'Пловдив', 'Борец', 'ЧАСТЕН', 'descriptions: Борец, Пловдив', '2024-03-28T23:15:00.000000', 312, 123,
        'https://yanimar-carp.com/image/catalog/15.04.22%20%D0%91%D0%BE%D1%80%D0%B5%D1%86/%20%D0%91%D0%BE%D1%80%D0%B5%D1%86%201.jpg',
        1, 1),
       (5, 'с. Ястребино', 'Ястребино', 'СВОБОДЕН', 'descriptions: Ястребино, с. Ястребино',
        '2024-03-28T23:15:00.000000', 312, 123,
        'https://vodoemibg.site.netvision.bg/wp-content/uploads/2021/11/2111922812.jpg',
        1, 1),
       (6, 'Пловдив', 'Текен Дере', 'ЧАСТЕН', 'descriptions: Текен Дере, Пловдив', '2024-03-28T23:15:00.000000', 312,
        123,
        'https://carpmojo.com/image/catalog/1_product_photos/230522/IMG_2243.JPEG',
        1, 1),
       (7, 'Кърджали', 'Кърджали', 'СВОБОДЕН',
        'Язовир „Кърджали“ е язовир в България, един от трите големи язовира, заедно със „Студен кладенец“ и „Ивайловград“',
        '2024-03-28T23:15:00.000000', 312, 123,
        'https://upload.wikimedia.org/wikipedia/commons/7/73/Grand_Coulee_Dam.jpg',
        1, 1);
INSERT INTO fish_types_reservoirs(reservoirs_id, fish_id)
VALUES (1, 1),
       (1, 2),
       (1, 3),
       (2, 3),
       (2, 4),
       (2, 5),
       (3, 1),
       (3, 3),
       (3, 5),
       (4, 3),
       (4, 2),
       (4, 1),
       (5, 3),
       (5, 2),
       (5, 1),
       (6, 1),
       (6, 2),
       (6, 3),
       (7, 1),
       (7, 2),
       (7, 3),
       (7, 4),
       (7, 5);
INSERT INTO ip_address (id, ip_address, time_to_add, user_id, count_visits)
VALUES (1, '0:0:0:0:0:0:0:1', '2024-04-12T00:00:00', NULL, 1),
       (2, '149.62.209.200', '2024-04-12T00:00:00', NULL, 0),
       (3, '212.50.79.137', '2024-04-12T00:00:00', NULL, 1),
       (4, '212.39.86.100', '2024-04-12T00:00:00', NULL, 0),
       (5, '91.243.167.160', '2024-04-12T00:00:00', NULL, 0),
       (6, '60.191.125.35', '2024-04-12T00:00:00', NULL, 0),
       (7, '176.111.174.31', '2024-04-12T00:00:00', NULL, 0),
       (8, '213.14.139.113', '2024-04-12T00:00:00', NULL, 0),
       (9, '146.19.24.28', '2024-04-12T00:00:00', NULL, 0),
       (10, '185.180.143.49', '2024-04-12T00:00:00', NULL, 0),
       (11, '109.205.213.198', '2024-04-12T00:00:00', NULL, 0),
       (12, '88.249.80.139', '2024-04-12T00:00:00', NULL, 0),
       (13, '80.66.77.235', '2024-04-12T00:00:00', NULL, 0),
       (14, '149.62.209.83', '2024-04-12T00:00:00', NULL, 0),
       (15, '65.49.1.17', '2024-04-12T00:00:00', NULL, 0),
       (16, '65.49.1.23', '2024-04-12T00:00:00', NULL, 0),
       (17, '149.62.209.29', '2024-04-12T00:00:00', NULL, 0),
       (18, '78.108.177.50', '2024-04-12T00:00:00', NULL, 0),
       (19, '198.235.24.216', '2024-04-12T00:00:00', NULL, 0),
       (20, '89.25.83.133', '2024-04-12T00:00:00', NULL, 0),
       (21, '205.210.31.33', '2024-04-12T00:00:00', NULL, 0),
       (22, '192.155.88.231', '2024-04-12T00:00:00', NULL, 0),
       (23, '149.62.208.195', '2024-04-12T00:00:00', NULL, 0),
       (24, '174.129.88.58', '2024-04-12T00:00:00', NULL, 0),
       (25, '46.10.210.223', '2024-04-12T00:00:00', NULL, 0),
       (26, '103.255.233.174', '2024-04-12T00:00:00', NULL, 0),
       (27, '45.79.128.205', '2024-04-12T00:00:00', NULL, 0),
       (28, '167.94.145.52', '2024-04-12T00:00:00', NULL, 0),
       (29, '192.241.201.80', '2024-04-12T00:00:00', NULL, 0),
       (30, '165.154.59.118', '2024-04-12T00:00:00', NULL, 0),
       (31, '212.70.149.134', '2024-04-12T00:00:00', NULL, 0),
       (32, '45.71.200.91', '2024-04-12T00:00:00', NULL, 0),
       (33, '78.108.177.52', '2024-04-12T00:00:00', NULL, 0),
       (34, '87.236.176.131', '2024-04-12T00:00:00', NULL, 0),
       (35, '194.50.16.180', '2024-04-12T00:00:00', NULL, 0),
       (36, '190.199.100.121', '2024-04-12T00:00:00', NULL, 0),
       (37, '185.180.143.137', '2024-04-12T00:00:00', NULL, 0),
       (38, '83.97.73.245', '2024-04-12T00:00:00', NULL, 0),
       (39, '2.189.153.104', '2024-04-12T00:00:00', NULL, 0),
       (40, '198.235.24.211', '2024-04-12T00:00:00', NULL, 0),
       (41, '149.62.208.92', '2024-04-13T00:00:00', NULL, 0),
       (42, '205.210.31.164', '2024-04-13T00:00:00', NULL, 0),
       (43, '45.134.192.115', '2024-04-13T00:00:00', NULL, 0),
       (44, '46.217.132.41', '2024-04-13T00:00:00', NULL, 0),
       (45, '149.62.208.141', '2024-04-13T00:00:00', NULL, 0),
       (46, '45.33.80.243', '2024-04-13T00:00:00', NULL, 0),
       (47, '172.104.11.34', '2024-04-13T00:00:00', NULL, 0),
       (48, '118.123.105.85', '2024-04-13T00:00:00', NULL, 0),
       (49, '192.241.207.47', '2024-04-13T00:00:00', NULL, 0),
       (50, '194.120.230.95', '2024-04-14T00:00:00', NULL, 0),
       (51, '106.75.74.196', '2024-04-14T00:00:00', NULL, 0),
       (52, '106.75.133.98', '2024-04-14T00:00:00', NULL, 0),
       (53, '199.45.154.66', '2024-04-14T00:00:00', NULL, 0),
       (54, '149.62.207.90', '2024-04-14T00:00:00', NULL, 0),
       (55, '198.235.24.46', '2024-04-14T00:00:00', NULL, 0),
       (56, '167.94.138.51', '2024-04-14T00:00:00', NULL, 0),
       (57, '167.94.146.51', '2024-04-14T00:00:00', NULL, 0),
       (58, '5.239.204.197', '2024-04-14T00:00:00', NULL, 0),
       (59, '198.235.24.162', '2024-04-14T00:00:00', NULL, 0),
       (60, '165.232.82.69', '2024-04-14T00:00:00', NULL, 0),
       (61, '69.164.217.74', '2024-04-14T00:00:00', NULL, 0),
       (62, '192.155.90.220', '2024-04-14T00:00:00', NULL, 0),
       (63, '69.164.217.245', '2024-04-14T00:00:00', NULL, 0),
       (64, '66.175.213.4', '2024-04-14T00:00:00', NULL, 0),
       (65, '45.79.163.53', '2024-04-14T00:00:00', NULL, 0),
       (66, '172.104.11.4', '2024-04-14T00:00:00', NULL, 0),
       (67, '117.235.101.167', '2024-04-14T00:00:00', NULL, 0),
       (68, '31.220.1.83', '2024-04-14T00:00:00', NULL, 0),
       (69, '142.93.115.5', '2024-04-14T00:00:00', NULL, 0),
       (70, '149.62.208.54', '2024-04-14T00:00:00', NULL, 0),
       (71, '107.151.253.111', '2024-04-14T00:00:00', NULL, 0),
       (72, '64.62.156.72', '2024-04-14T00:00:00', NULL, 0),
       (73, '186.54.205.113', '2024-04-14T00:00:00', NULL, 0),
       (74, '84.10.5.154', '2024-04-14T00:00:00', NULL, 0),
       (75, '80.94.92.60', '2024-04-14T00:00:00', NULL, 0),
       (76, '149.62.208.90', '2024-04-14T00:00:00', NULL, 0),
       (77, '91.243.167.216', '2024-04-14T00:00:00', NULL, 0),
       (78, '192.168.0.111', '2024-04-15T00:00:00', NULL, 0),
       (79, '89.215.239.18', '2024-04-15T00:00:00', NULL, 0),
       (80, '205.210.31.67', '2024-04-15T00:00:00', NULL, 0),
       (81, '198.235.24.109', '2024-04-15T00:00:00', NULL, 0),
       (82, '78.108.177.51', '2024-04-16T00:00:00', NULL, 0),
       (83, '206.168.34.33', '2024-04-16T00:00:00', NULL, 0),
       (84, '205.210.31.104', '2024-04-16T00:00:00', NULL, 0),
       (85, '167.99.38.189', '2024-04-16T00:00:00', NULL, 0),
       (86, '94.155.42.130', '2024-04-16T00:00:00', NULL, 0),
       (87, '31.13.103.118', '2024-04-16T00:00:00', NULL, 0),
       (88, '185.224.128.43', '2024-04-16T00:00:00', NULL, 0),
       (89, '87.254.164.172', '2024-04-16T00:00:00', NULL, 0),
       (90, '185.191.126.213', '2024-04-16T00:00:00', NULL, 0),
       (91, '159.89.239.238', '2024-04-16T00:00:00', NULL, 0),
       (92, '198.235.24.208', '2024-04-16T00:00:00', NULL, 0),
       (93, '185.180.143.81', '2024-04-16T00:00:00', NULL, 0),
       (94, '205.210.31.51', '2024-04-16T00:00:00', NULL, 0),
       (95, '149.62.207.79', '2024-04-16T00:00:00', NULL, 1),
       (96, '79.121.113.34', '2024-04-16T00:00:00', NULL, 0),
       (97, '205.210.31.86', '2024-04-16T00:00:00', NULL, 0),
       (98, '59.52.226.190', '2024-04-16T00:00:00', NULL, 0),
       (99, '146.70.171.164', '2024-04-16T00:00:00', NULL, 0),
       (100, '144.217.86.46', '2024-04-16T00:00:00', NULL, 0),
       (101, '3.137.139.152', '2024-04-16T00:00:00', NULL, 0),
       (102, '35.240.121.17', '2024-04-16T00:00:00', NULL, 0),
       (103, '176.125.228.22', '2024-04-16T00:00:00', NULL, 0),
       (104, '192.241.67.193', '2024-04-16T00:00:00', NULL, 0),
       (105, '138.122.193.155', '2024-04-16T00:00:00', NULL, 0),
       (106, '38.154.198.31', '2024-04-16T00:00:00', NULL, 0),
       (107, '38.154.214.46', '2024-04-16T00:00:00', NULL, 0),
       (108, '92.114.63.93', '2024-04-16T00:00:00', NULL, 0),
       (109, '119.13.196.46', '2024-04-16T00:00:00', NULL, 0),
       (110, '162.43.236.86', '2024-04-16T00:00:00', NULL, 0),
       (111, '194.120.230.94', '2024-04-16T00:00:00', NULL, 0),
       (112, '152.39.148.88', '2024-04-16T00:00:00', NULL, 0),
       (113, '168.151.185.185', '2024-04-16T00:00:00', NULL, 0),
       (114, '34.66.209.130', '2024-04-16T00:00:00', NULL, 0),
       (115, '162.216.150.32', '2024-04-16T00:00:00', NULL, 0),
       (116, '95.164.158.124', '2024-04-16T00:00:00', NULL, 0),
       (117, '191.102.157.221', '2024-04-16T00:00:00', NULL, 0),
       (118, '198.20.189.200', '2024-04-16T00:00:00', NULL, 0),
       (119, '209.127.97.147', '2024-04-16T00:00:00', NULL, 0),
       (120, '167.94.146.52', '2024-04-16T00:00:00', NULL, 0),
       (121, '149.62.207.190', '2024-04-16T00:00:00', NULL, 0),
       (122, '162.19.25.94', '2024-04-16T00:00:00', NULL, 0),
       (123, '104.164.195.21', '2024-04-16T00:00:00', NULL, 0),
       (124, '104.165.199.128', '2024-04-16T00:00:00', NULL, 0),
       (125, '38.132.193.42', '2024-04-16T00:00:00', NULL, 0),
       (126, '54.185.18.63', '2024-04-16T00:00:00', NULL, 0),
       (127, '35.92.73.88', '2024-04-16T00:00:00', NULL, 0),
       (128, '157.119.232.164', '2024-04-16T00:00:00', NULL, 0),
       (129, '3.17.58.22', '2024-04-16T00:00:00', NULL, 0),
       (130, '192.36.109.84', '2024-04-16T00:00:00', NULL, 0),
       (131, '212.50.81.100', '2024-04-16T00:00:00', NULL, 0),
       (132, '107.151.243.170', '2024-04-16T00:00:00', NULL, 0),
       (133, '199.45.155.49', '2024-04-16T00:00:00', NULL, 0),
       (134, '43.155.169.133', '2024-04-16T00:00:00', NULL, 0),
       (135, '64.62.156.61', '2024-04-16T00:00:00', NULL, 0),
       (136, '217.138.196.106', '2024-04-16T00:00:00', NULL, 0),
       (137, '136.144.19.229', '2024-04-16T00:00:00', NULL, 0),
       (138, '106.154.145.19', '2024-04-16T00:00:00', NULL, 0),
       (139, '106.154.145.236', '2024-04-16T00:00:00', NULL, 0),
       (140, '159.203.224.35', '2024-04-16T00:00:00', NULL, 0),
       (141, '192.184.90.54', '2024-04-16T00:00:00', NULL, 0),
       (142, '135.148.195.7', '2024-04-16T00:00:00', NULL, 0),
       (143, '45.249.85.254', '2024-04-16T00:00:00', NULL, 0),
       (144, '176.53.222.174', '2024-04-16T00:00:00', NULL, 0),
       (145, '198.235.24.183', '2024-04-16T00:00:00', NULL, 0),
       (146, '35.94.14.195', '2024-04-16T00:00:00', NULL, 0),
       (147, '43.130.32.224', '2024-04-16T00:00:00', NULL, 0),
       (148, '146.148.113.189', '2024-04-16T00:00:00', NULL, 0),
       (149, '44.213.250.0', '2024-04-16T00:00:00', NULL, 0),
       (150, '54.80.173.10', '2024-04-16T00:00:00', NULL, 0),
       (151, '184.72.244.125', '2024-04-16T00:00:00', NULL, 0),
       (152, '46.228.199.158', '2024-04-16T00:00:00', NULL, 0),
       (153, '52.73.56.26', '2024-04-16T00:00:00', NULL, 0),
       (154, '45.192.143.178', '2024-04-16T00:00:00', NULL, 0),
       (155, '3.227.251.215', '2024-04-16T00:00:00', NULL, 0),
       (156, '3.234.237.138', '2024-04-16T00:00:00', NULL, 0),
       (157, '206.168.34.190', '2024-04-16T00:00:00', NULL, 0),
       (158, '46.174.191.28', '2024-04-16T00:00:00', NULL, 0),
       (159, '49.51.179.103', '2024-04-16T00:00:00', NULL, 0),
       (160, '18.237.58.91', '2024-04-16T00:00:00', NULL, 0),
       (161, '180.149.125.164', '2024-04-16T00:00:00', NULL, 0),
       (162, '46.101.0.205', '2024-04-16T00:00:00', NULL, 0),
       (163, '43.130.31.48', '2024-04-16T00:00:00', NULL, 0),
       (164, '194.50.16.190', '2024-04-16T00:00:00', NULL, 0),
       (165, '172.104.210.105', '2024-04-16T00:00:00', NULL, 0),
       (166, '34.174.177.84', '2024-04-16T00:00:00', NULL, 0),
       (167, '143.198.54.193', '2024-04-16T00:00:00', NULL, 0),
       (168, '138.255.223.34', '2024-04-16T00:00:00', NULL, 0),
       (169, '185.180.143.138', '2024-04-16T00:00:00', NULL, 0),
       (170, '104.248.254.95', '2024-04-16T00:00:00', NULL, 0),
       (171, '94.103.183.79', '2024-04-16T00:00:00', NULL, 0),
       (172, '167.172.179.218', '2024-04-16T00:00:00', NULL, 0),
       (173, '44.223.70.175', '2024-04-16T00:00:00', NULL, 0),
       (174, '54.84.140.143', '2024-04-16T00:00:00', NULL, 0),
       (175, '3.81.100.47', '2024-04-16T00:00:00', NULL, 0),
       (176, '123.118.9.129', '2024-04-16T00:00:00', NULL, 0);



