INSERT INTO reservoirs(id, city, name, reservoir_type, descriptions, create_date, latitude, longitude, url_image,
                       country_id, user_id)
VALUES (1, 'Севлиево', 'Кастел', 'ЧАСТЕН', 'descriptions: Кастел, Севлиево', '2024-03-28 23:15:00.000000', 312, 123,
        'https://imgrabo.com/pics/guide/20210930163629_15489.jpeg',
        1, 1),
       (2, 'Севлиево', 'Кулеков лейк', 'ЧАСТЕН', 'descriptions: Кулеков лейк, Севлиево', '2024-03-28 23:15:00.000000', 312,
        123,
        'https://yanimar-carp.com/image/catalog/Kulekov%20Lake%20/Kulekov%20Lake%202.jpg',
        1, 1),
       (3, 'Нова Загора', 'Кара Дере', 'ЧАСТЕН', 'descriptions: Кара Дере, Нова Загора', '2024-03-28 23:15:00.000000', 312,
        123,
        'https://carpmojo.com/image/catalog/3_bglakes/IMG_9048.JPG',
        1, 1),
       (4, 'Пловдив', 'Борец', 'ЧАСТЕН', 'descriptions: Борец, Пловдив', '2024-03-28 23:15:00.000000', 312, 123,
        'https://yanimar-carp.com/image/catalog/15.04.22%20%D0%91%D0%BE%D1%80%D0%B5%D1%86/%20%D0%91%D0%BE%D1%80%D0%B5%D1%86%201.jpg',
        1, 1),
       (5, 'с. Ястребино', 'Ястребино', 'СВОБОДЕН', 'descriptions: Ястребино, с. Ястребино',
        '2024-03-28 23:15:00.000000', 312, 123,
        'https://vodoemibg.site.netvision.bg/wp-content/uploads/2021/11/2111922812.jpg',
        1, 1),
       (6, 'Пловдив', 'Текен Дере', 'ЧАСТЕН', 'descriptions: Текен Дере, Пловдив', '2024-03-28 23:15:00.000000', 312, 123,
        'https://carpmojo.com/image/catalog/1_product_photos/230522/IMG_2243.JPEG',
        1, 1),
       (7, 'Кърджали', 'Кърджали', 'СВОБОДЕН',
        'Язовир „Кърджали“ е язовир в България, един от трите големи язовира, заедно със „Студен кладенец“ и „Ивайловград“',
        '2024-03-28 23:15:00.000000', 312, 123,
        'https://upload.wikimedia.org/wikipedia/commons/7/73/Grand_Coulee_Dam.jpg',
        1, 1);
INSERT INTO fish_types_reservoirs(reservoirs_id, fish_id)
VALUES (1, 1),
       (1, 2),
       (1, 3),
       (2, 3),
       (2, 4),
       (2, 5),
       (3, 1),
       (3, 3),
       (3, 5),
       (4, 3),
       (4, 2),
       (4, 1),
       (5, 3),
       (5, 2),
       (5, 1),
       (6, 1),
       (6, 2),
       (6, 3),
       (7, 1),
       (7, 2),
       (7, 3),
       (7, 4),
       (7, 5);
INSERT INTO ip_address (id, ip_address, time_to_add, user_id)
VALUES (1, '0:0:0:0:0:0:0:1', '2024-04-12', 1),
       (2, '149.62.209.200', '2024-04-12', NULL),
       (3, '212.50.79.137', '2024-04-12', 1),
       (4, '212.39.86.100', '2024-04-12', NULL),
       (5, '91.243.167.160', '2024-04-12', NULL),
       (6, '60.191.125.35', '2024-04-12', NULL),
       (7, '176.111.174.31', '2024-04-12', NULL),
       (8, '213.14.139.113', '2024-04-12', NULL),
       (9, '146.19.24.28', '2024-04-12', NULL),
       (10, '185.180.143.49', '2024-04-12', NULL),
       (11, '109.205.213.198', '2024-04-12', NULL),
       (12, '88.249.80.139', '2024-04-12', NULL),
       (13, '80.66.77.235', '2024-04-12', NULL),
       (14, '149.62.209.83', '2024-04-12', NULL),
       (15, '65.49.1.17', '2024-04-12', NULL),
       (16, '65.49.1.23', '2024-04-12', NULL),
       (17, '149.62.209.29', '2024-04-12', NULL),
       (18, '78.108.177.50', '2024-04-12', NULL),
       (19, '198.235.24.216', '2024-04-12', NULL),
       (20, '89.25.83.133', '2024-04-12', NULL),
       (21, '205.210.31.33', '2024-04-12', NULL),
       (22, '192.155.88.231', '2024-04-12', NULL),
       (23, '149.62.208.195', '2024-04-12', NULL),
       (24, '174.129.88.58', '2024-04-12', NULL),
       (25, '46.10.210.223', '2024-04-12', NULL),
       (26, '103.255.233.174', '2024-04-12', NULL),
       (27, '45.79.128.205', '2024-04-12', NULL),
       (28, '167.94.145.52', '2024-04-12', NULL),
       (29, '192.241.201.80', '2024-04-12', NULL),
       (30, '165.154.59.118', '2024-04-12', NULL),
       (31, '212.70.149.134', '2024-04-12', NULL),
       (32, '45.71.200.91', '2024-04-12', NULL),
       (33, '78.108.177.52', '2024-04-12', NULL),
       (34, '87.236.176.131', '2024-04-12', NULL),
       (35, '194.50.16.180', '2024-04-12', NULL),
       (36, '190.199.100.121', '2024-04-12', NULL),
       (37, '185.180.143.137', '2024-04-12', NULL),
       (38, '83.97.73.245', '2024-04-12', NULL),
       (39, '2.189.153.104', '2024-04-12', NULL),
       (40, '198.235.24.211', '2024-04-12', NULL);


